appliance,state,m1,m2,m3,m4,m5,m6,m7,m8,m9,m10
ar_condicionado_30kbtu,TURN_OFF,2480.0,7.37,7.37,7.37,5.05,5.05,5.05,5.06,5.06,5.06
AirConditioning,TURN_ON,29898.0,31485.6,31586.4,31586.4,31744.8,31665.6,31665.6,31525.2,31550.4,31586.4
AirConditioning,TURN_ON,31561.2,36604.8,33955.2,33915.6,33915.6,34124.4,34164.0,34164.0,34246.8,34326.0
 ar_condicionado,TURN_OFF,2690.0,5.02,5.02,5.59,5.59,5.59,5.23,5.23,5.23,5.2
 ar_condicionado,TURN_ON,5.15,1750.0,1750.0,1750.0,2030.0,2030.0,2030.0,2100.0,2100.0,2100.0
 ar_condicionado,TURN_ON,1.55,1030.0,1030.0,1030.0,1350.0,1350.0,1350.0,1430.0,1430.0,1430.0
AirConditioning,TURN_ON,0.33,1290.0,1290.0,1290.0,1150.0,1150.0,1150.0,1240.0,1240.0,1240.0
 ar_condicionado,TURN_OFF,2640.0,3.09,3.09,3.09,3.09,3.09,3.09,3.09,3.14,3.14
 ar_condicionado,TURN_ON,5.15,1750.0,1750.0,1750.0,2030.0,2030.0,2030.0,2100.0,2100.0,2100.0
AirConditioning,TURN_OFF,2450.0,1680.0,1680.0,1680.0,1680.0,5.99,5.99,5.99,4.7,4.7
AirConditioning,TURN_ON,15735.6,15930.0,15930.0,15843.6,15804.0,15940.8,15940.8,15865.2,15681.6,15681.6
AirConditioning,TURN_OFF,15865.2,15681.6,15681.6,15710.4,15872.4,15753.6,15753.6,15832.8,15886.8,15804.0
AirConditioning,TURN_ON,15717.6,17478.0,17168.4,17168.4,17258.4,17449.2,17449.2,17409.6,17438.4,17449.2
ar_condicionado,on,32.43,1830.0,1830.0,1530.0,2150.0,2150.0,2210.0,2180.0,2180.0,2320.0
ar_condicionado,off,1470.0,35.4,34.91,34.91,35.37,35.37,35.22,34.51,34.51,34.04
ar_condicionado,on,604.19,2110.0,2000.0,2000.0,2180.0,2180.0,2130.0,2210.0,2210.0,2410.0
ar_condicionado,off,2050.0,314.42,314.42,33.19,33.15,33.15,32.57,32.59,32.59,32.93
ar_condicionado,on,32.78,2160.0,2160.0,1820.0,2110.0,2110.0,2110.0,2140.0,2140.0,2350.0
ar_condicionado,off,2050.0,1190.0,1190.0,31.78,31.78,31.7,32.48,32.48,32.83,32.64
ar_condicionado,on,34.45,1520.0,1520.0,1540.0,2000.0,2000.0,2150.0,2110.0,2110.0,2210.0
ar_condicionado,off,2070.0,33.11,33.11,32.56,31.79,31.79,31.69,31.69,31.59,32.61
ar_condicionado,on,33.78,1420.0,1420.0,1730.0,2170.0,2170.0,2120.0,2230.0,2230.0,2400.0
ar_condicionado,off,1930.0,35.33,35.33,35.36,35.12,35.12,34.61,34.61,33.75,33.74
ar_condicionado,on,32.83,1240.0,1700.0,1700.0,2070.0,2070.0,2140.0,2240.0,2240.0,2350.0
ar_condicionado,off,2070.0,34.19,34.48,34.48,35.27,35.34,35.34,34.73,34.73,34.77
ar_condicionado,on,30.7,2260.0,1890.0,1890.0,2150.0,2110.0,2110.0,2140.0,2360.0,2360.0
ar_condicionado,off,2050.0,34.48,34.48,34.29,34.7,34.7,35.17,35.17,35.6,35.6
ar_condicionado,on,32.69,1770.0,1770.0,1450.0,1450.0,2050.0,2110.0,2110.0,2110.0,2230.0
ar_condicionado,off,1800.0,35.27,34.88,34.88,33.96,33.96,34.1,34.1,34.1,34.83
ar_condicionado,on,32.03,2530.0,2530.0,1630.0,1630.0,2150.0,2150.0,2090.0,2090.0,2360.0
ar_condicionado,off,2050.0,35.44,35.44,35.49,35.73,35.73,35.42,34.66,34.66,34.05
ar_condicionado,on,32.37,1890.0,1770.0,1770.0,2090.0,2100.0,2100.0,2120.0,2120.0,2330.0
ar_condicionado,off,1530.0,35.28,35.21,35.21,34.7,34.7,35.04,35.04,34.94,34.94
ar_condicionado,on,33.68,1570.0,1440.0,1440.0,2030.0,2030.0,2090.0,2100.0,2100.0,2300.0
ar_condicionado,off,2050.0,34.27,34.22,34.22,34.07,34.07,33.59,32.77,32.77,32.45
ar_condicionado,on,34.5,1630.0,1630.0,1890.0,2100.0,2100.0,2090.0,2300.0,2300.0,2380.0
ar_condicionado,off,2030.0,34.63,34.63,34.18,34.04,34.04,34.17,34.17,34.17,33.99
ar_condicionado,on,33.59,1480.0,1480.0,1730.0,1730.0,2100.0,2080.0,2080.0,2230.0,2300.0
ar_condicionado,off,1630.0,32.97,32.97,33.55,33.46,33.46,33.03,32.95,32.95,33.25
ar_condicionado,on,33.53,2500.0,1640.0,1640.0,2110.0,2110.0,2080.0,2160.0,2160.0,2290.0
ar_condicionado,off,2030.0,525.81,525.81,34.58,34.45,34.45,34.94,34.94,35.21,35.55
ar_condicionado,on,33.28,1870.0,1780.0,1780.0,2070.0,2090.0,2090.0,2120.0,2120.0,2330.0
ar_condicionado,off,2050.0,1420.0,1420.0,36.46,36.46,35.7,35.18,35.18,34.59,34.47
ar_condicionado,on,1.22,2530.0,2530.0,1330.0,1330.0,1400.0,1560.0,1560.0,1690.0,1670.0
ar_condicionado,off,1850.0,524.96,36.21,36.21,36.29,36.14,36.14,36.0,35.0,35.0
ar_condicionado,on,34.17,2190.0,2190.0,1440.0,1810.0,1810.0,1870.0,1930.0,1930.0,2000.0
ar_condicionado,off,1870.0,1190.0,35.68,35.68,36.25,36.2,36.2,35.81,35.79,35.79
ar_condicionado,on,33.58,1510.0,1580.0,1580.0,1920.0,1890.0,1890.0,2000.0,2000.0,2050.0
ar_condicionado,off,1860.0,36.13,36.13,35.1,35.1,35.12,35.64,35.64,35.96,36.21
ar_condicionado,on,35.19,1460.0,1560.0,1560.0,1790.0,1910.0,1910.0,1910.0,2060.0,2060.0
ar_condicionado,off,1860.0,35.71,35.85,35.85,36.22,36.07,36.07,35.24,34.84,34.84
ar_condicionado,on,33.81,1800.0,1800.0,1600.0,1990.0,1990.0,1940.0,2090.0,2090.0,2090.0
ar_condicionado,off,1860.0,138.71,138.71,34.99,34.99,35.26,35.96,35.96,36.01,35.9
ar_condicionado,on,592.81,1590.0,1870.0,1870.0,1920.0,1920.0,1980.0,2100.0,2100.0,2140.0
ar_condicionado,off,1680.0,40.54,38.38,38.38,38.46,38.46,38.41,39.41,39.41,40.95
ar_condicionado,on,44.0,2190.0,1500.0,1500.0,1930.0,1930.0,1930.0,2070.0,2090.0,2090.0
ar_condicionado,off,1530.0,42.84,42.59,42.59,41.1,41.1,40.07,36.91,36.91,36.81
ar_condicionado,on,33.93,1580.0,1580.0,1820.0,1820.0,1970.0,2030.0,2030.0,2120.0,1990.0
ar_condicionado,off,1820.0,957.76,36.6,36.6,37.26,39.41,39.41,40.96,40.96,41.57
ar_condicionado,on,39.07,1710.0,1710.0,1680.0,1900.0,1900.0,2000.0,2000.0,2090.0,2170.0
ar_condicionado,off,1810.0,42.06,42.06,42.08,42.33,42.33,40.83,38.34,38.34,37.55
ar_condicionado,on,37.09,1940.0,1940.0,1470.0,1870.0,1870.0,1900.0,1900.0,2020.0,2040.0
ar_condicionado,off,1810.0,41.06,39.49,39.49,40.54,40.49,40.49,42.24,41.75,41.75
ar_condicionado,on,35.87,1490.0,1710.0,1710.0,1970.0,2080.0,2080.0,2100.0,2100.0,2000.0
ar_condicionado,off,1650.0,37.09,37.64,37.64,38.83,39.33,39.33,41.6,41.25,41.25
ar_condicionado,on,40.4,2740.0,2740.0,1810.0,1940.0,1940.0,2030.0,2100.0,2100.0,2170.0
ar_condicionado,off,1810.0,42.63,42.49,42.49,41.02,39.81,39.81,38.01,38.01,37.89
ar_condicionado,on,36.14,1900.0,1610.0,1610.0,1920.0,1920.0,2040.0,2030.0,2030.0,2060.0
ar_condicionado,on,52.09,2440.0,2440.0,1980.0,1980.0,2210.0,2260.0,2260.0,2440.0,2440.0
ar_condicionado,off,2330.0,53.27,53.27,53.09,53.09,53.72,54.24,54.24,54.42,54.43
ar_condicionado,on,51.2,1710.0,1910.0,1910.0,2070.0,2070.0,2240.0,2280.0,2280.0,2530.0
ar_condicionado,off,2310.0,55.2,54.94,54.94,54.94,54.6,54.6,54.61,54.61,54.61
ar_condicionado,on,52.04,1590.0,1590.0,1910.0,2200.0,2200.0,2310.0,2310.0,2550.0,2550.0
ar_condicionado,off,1940.0,54.31,54.31,54.57,54.71,54.71,54.57,54.49,54.49,54.56
ar_condicionado,on,53.48,2290.0,2290.0,2020.0,2150.0,2150.0,2270.0,2340.0,2340.0,2590.0
ar_condicionado,off,2330.0,52.29,52.29,52.12,51.91,51.91,51.89,51.89,51.93,51.86
ar_condicionado,on,53.58,1800.0,1800.0,2000.0,2230.0,2230.0,2280.0,2280.0,2510.0,2560.0
ar_condicionado,off,2290.0,51.98,51.93,51.93,51.82,51.79,51.79,51.72,51.72,51.62
ar_condicionado,on,53.22,2220.0,2220.0,1960.0,2130.0,2130.0,2270.0,2270.0,2450.0,2560.0
ar_condicionado,off,2310.0,990.6,990.6,51.38,51.35,51.35,51.46,51.46,51.36,51.25
ar_condicionado,on,35.46,2400.14,1537.04,1537.04,1775.77,1835.45,1835.45,1878.18,2029.61,2029.61
ar_condicionado,off,1863.11,35.76,35.76,35.57,35.4,35.4,35.32,35.23,35.23,35.15
ar_condicionado,on,34.71,1488.31,1488.31,1670.98,1925.31,1925.31,1937.01,1941.13,1941.13,2132.66
ar_condicionado,off,1364.62,35.62,35.62,35.31,35.21,35.21,35.11,35.06,35.05,35.05
ar_condicionado,on,34.32,2458.67,1752.08,1752.08,1987.91,1987.91,1976.44,1968.65,2075.02,2075.02
ar_condicionado,off,1875.91,365.85,365.85,35.28,35.3,35.2,35.2,35.09,35.09,35.05
ar_condicionado,on,34.91,1797.07,1394.63,1394.63,1905.2,2003.54,2003.54,1956.74,2009.65,2009.65
ar_condicionado,off,1510.53,35.94,35.37,35.34,35.34,35.21,35.1,35.1,35.05,35.11
ar_condicionado,on,34.79,2272.68,2272.68,1519.1,1988.85,1988.85,1969.01,1967.79,1967.79,2097.93
ar_condicionado,off,1874.8,798.83,798.83,35.13,35.09,34.94,34.94,34.86,34.86,34.8
ar_condicionado,on,35.01,1432.91,1482.1,1482.1,1860.91,1988.27,1988.27,1962.7,2023.75,2147.45
ar_condicionado,off,1896.79,434.31,35.57,35.57,35.29,35.31,35.31,35.19,35.09,35.09
ar_condicionado,on,34.56,1403.29,1618.91,1618.91,1999.12,1999.12,1978.85,2069.55,2069.55,2169.9
ar_condicionado,off,1848.09,35.52,35.52,35.48,35.31,35.31,35.32,35.21,35.21,35.18
ar_condicionado,on,35.54,2062.77,2062.77,1695.34,1981.67,1981.67,1984.47,2003.54,2189.41,2189.41
ar_condicionado,off,1924.2,882.51,35.33,35.33,35.06,35.06,35.02,34.85,34.85,34.77
ar_condicionado,on,35.35,1152.16,1152.16,1608.8,1888.24,1888.24,2021.7,1989.14,2046.86,2046.86
ar_condicionado,off,1913.69,35.41,35.22,35.22,35.12,35.12,35.12,34.94,35.06,35.06
ar_condicionado,on,195.7,2387.07,1826.52,1826.52,2027.1,1991.84,1991.84,2041.1,2224.05,2224.05
ar_condicionado,on,51.61,1530.0,1530.0,1870.0,1870.0,2170.0,2260.0,2260.0,2390.0,2580.0
ar_condicionado,off,2190.0,54.01,54.01,54.01,54.01,54.01,54.01,54.01,54.01,54.01
ar_condicionado,on,210.59,2500.0,2500.0,2000.0,2000.0,2150.0,2250.0,2250.0,2320.0,2540.0
ar_condicionado,off,2330.0,518.82,518.82,54.89,54.86,54.86,54.91,54.91,54.92,54.75
ar_condicionado,on,52.15,1610.0,1610.0,2100.0,2100.0,2210.0,2310.0,2310.0,2470.0,2590.0
ar_condicionado,off,1890.0,53.3,53.07,53.07,53.02,53.06,53.06,54.15,54.06,54.06
ar_condicionado,on,52.9,1920.0,1920.0,1920.0,2100.0,2280.0,2280.0,2330.0,2590.0,2590.0
ar_condicionado,off,1780.0,55.02,54.94,54.94,55.09,55.09,54.85,54.89,54.89,54.97
ar_condicionado,on,54.32,1450.0,1450.0,1870.0,2050.0,2050.0,2250.0,2250.0,2290.0,2580.0
ar_condicionado,off,2330.0,127.84,127.84,54.17,54.17,54.05,54.05,54.05,53.91,53.91
ar_condicionado,on,53.74,1550.0,1550.0,2060.0,2060.0,2250.0,2280.0,2280.0,2540.0,2540.0
ar_condicionado,off,2300.0,52.96,52.96,52.76,52.76,52.56,52.44,52.44,52.4,52.37
ar_condicionado,on,54.7,1870.0,1870.0,1640.0,1640.0,2080.0,2080.0,2250.0,2250.0,2290.0
ar_condicionado,off,2320.0,1710.0,1710.0,53.61,53.61,53.61,53.48,53.48,53.48,53.26
ar_condicionado,on,35.42,1673.96,1673.96,1624.72,1739.15,1739.15,1894.84,1894.84,1907.16,2158.04
ar_condicionado,off,1887.04,63.29,30.98,30.98,30.96,30.84,30.84,30.78,30.82,30.82
ar_condicionado,on,35.46,1465.07,1465.07,1465.07,1980.47,1980.47,1980.47,1951.79,1951.79,2020.46
ar_condicionado,off,1850.17,31.39,30.53,30.53,30.41,30.4,30.4,30.3,30.23,30.23
ar_condicionado,on,34.93,1486.03,1486.03,1680.53,1680.53,2006.34,1977.27,1977.27,2064.34,2210.91
ar_condicionado,off,1908.55,462.3,35.91,35.91,35.72,35.72,35.59,35.52,35.52,35.49
ar_condicionado,on,30.41,1408.56,1408.56,1619.31,2025.48,2025.48,1985.64,1985.64,2169.43,2169.43
ar_condicionado,off,1730.77,36.29,35.94,35.94,35.75,35.72,35.72,35.59,35.59,35.52
ar_condicionado,on,30.14,1491.39,1491.39,1491.39,1969.8,1969.8,1978.17,1978.17,1978.17,2174.9
ar_condicionado,off,1898.75,1134.91,1134.91,30.43,30.19,30.19,30.19,29.78,29.78,29.94
ar_condicionado,on,154.58,2479.48,1800.99,1800.99,1997.93,1988.99,1988.99,2142.41,2216.3,2216.3
ar_condicionado,off,1912.43,1119.94,1119.94,30.93,30.93,30.72,30.72,30.67,30.67,30.48
ar_condicionado,on,34.88,1586.47,1586.47,1586.47,2053.01,2053.01,2017.09,2017.09,2037.54,2037.54
ar_condicionado,off,1930.75,30.04,30.04,30.04,30.04,30.04,30.04,30.04,29.89,29.89
ar_condicionado,on,35.42,1906.27,1906.27,1965.84,1965.84,1965.84,2051.42,2005.7,2005.7,2209.94
ar_condicionado,off,1666.78,35.25,35.25,35.25,35.13,35.04,35.04,35.04,34.98,34.98
ar_condicionado,on,34.87,1547.49,1547.49,1730.12,1963.94,1963.94,2010.66,2026.14,2026.14,2246.06
ar_condicionado,off,1930.08,36.1,36.1,35.71,35.63,35.63,35.51,35.42,35.42,35.28
ar_condicionado,on,29.86,2201.15,2201.15,1510.07,1510.07,2008.34,2055.7,2026.45,2026.45,2127.76
ar_condicionado,off,1814.53,35.44,35.44,35.31,35.21,35.21,35.17,35.1,34.97,34.97
ar_condicionado,on,30.12,2085.44,1707.48,1707.48,1992.62,2013.54,2013.54,2019.07,2124.21,2124.21
ar_condicionado,off,1829.49,30.04,30.04,29.95,29.87,29.87,29.86,29.78,29.78,29.7
ar_condicionado,on,35.15,2222.15,2222.15,1517.51,2025.19,2025.19,2088.05,2038.7,2038.7,2153.97
ar_condicionado,off,1948.22,30.31,30.31,30.17,30.0,30.0,30.0,29.95,29.95,29.86
ar_condicionado,on,35.91,2017.22,2017.22,2017.22,2017.22,2047.48,2047.48,2047.48,2135.93,2135.93
ar_condicionado,off,1969.71,77.36,35.46,35.46,35.43,35.17,35.17,35.19,35.24,35.24
ar_condicionado,on,30.28,2043.67,2043.67,1707.79,1707.79,2014.94,2014.94,2050.83,2146.31,2146.31
ar_condicionado,off,1987.62,35.78,35.53,35.53,35.24,35.23,35.23,35.11,35.11,35.14
ar_condicionado,on,30.78,1576.27,1576.27,2074.88,2074.88,2071.34,2087.38,2087.38,2317.08,2356.74
ar_condicionado,off,1968.68,1236.07,1236.07,30.12,29.98,29.98,29.79,29.79,29.32,29.16
ar_condicionado,on,31.68,2450.53,2450.53,1616.88,2089.33,2089.33,2103.72,2088.56,2088.56,2222.25
ar_condicionado,on,34.2,1540.0,1540.0,1600.0,1600.0,1700.0,1700.0,1740.0,1740.0,1760.0
ar_condicionado,off,1750.0,847.77,847.77,33.36,33.36,33.11,31.85,31.85,30.87,30.87
ar_condicionado,on,31.99,769.51,1250.0,1250.0,1620.0,1620.0,1690.0,1710.0,1710.0,1750.0
ar_condicionado,off,1740.0,34.67,34.67,34.67,33.0,32.6,32.6,33.54,33.54,34.6
ar_condicionado,on,34.33,1430.0,1430.0,1650.0,1650.0,1710.0,1730.0,1730.0,1770.0,1770.0
ar_condicionado,off,1760.0,32.41,32.14,32.14,32.46,32.46,33.61,33.99,33.99,33.74
ar_condicionado,on,31.08,812.43,812.43,1530.0,1530.0,1630.0,1700.0,1700.0,1750.0,1750.0
ar_condicionado,off,1750.0,34.91,34.91,34.92,34.59,34.59,34.03,34.03,32.46,32.93
ar_condicionado,on,32.74,1460.0,1460.0,1600.0,1690.0,1690.0,1730.0,1730.0,1750.0,1760.0
ar_condicionado,off,1740.0,522.3,522.3,32.89,32.89,32.7,33.68,33.68,34.59,34.59
ar_condicionado,on,236.52,1510.0,1510.0,1670.0,1670.0,1700.0,1740.0,1740.0,1770.0,1770.0
ar_condicionado,on,0.57,1060.0,1060.0,1060.0,1280.0,1390.0,1390.0,1580.0,1580.0,1670.0
ar_condicionado,off,1910.0,617.83,617.83,34.4,33.96,33.96,34.35,34.35,35.16,35.95
ar_condicionado,on,33.67,2160.0,2160.0,1660.0,1820.0,1820.0,1890.0,1890.0,2020.0,2110.0
ar_condicionado,off,1950.0,1310.0,36.39,36.39,36.09,35.18,35.18,34.56,34.56,34.61
ar_condicionado,on,33.47,1690.0,1690.0,1630.0,2010.0,2010.0,1980.0,1980.0,2080.0,2230.0
ar_condicionado,off,1950.0,34.19,34.13,34.13,34.31,34.31,34.16,34.16,33.23,33.23
ar_condicionado,on,33.81,2390.0,2390.0,1770.0,1770.0,1990.0,1990.0,1980.0,1980.0,2190.0
ar_condicionado,off,1930.0,822.03,34.65,34.65,34.77,34.83,34.83,34.39,34.39,34.57
ar_condicionado,on,34.74,1890.0,1890.0,1890.0,1890.0,2000.0,2000.0,2000.0,2000.0,2150.0
ar_condicionado,off,1920.0,33.24,33.24,33.24,33.2,33.2,34.19,34.19,34.35,34.35
ar_condicionado,on,32.84,1540.0,1540.0,1640.0,1910.0,1910.0,1990.0,1990.0,2150.0,2150.0
ar_condicionado,off,1920.0,35.68,33.2,33.2,34.39,33.58,33.58,33.46,33.46,33.78
ar_condicionado,on,33.45,1750.0,1750.0,1750.0,2020.0,2020.0,2010.0,2010.0,2140.0,2150.0
ar_condicionado,off,1940.0,35.79,35.54,35.54,35.56,35.73,35.73,35.32,35.32,34.85
ar_condicionado,on,32.61,1400.0,1660.0,1660.0,2050.0,2050.0,2020.0,2170.0,2170.0,2170.0
ar_condicionado,off,1960.0,34.78,34.78,34.78,34.78,34.78,34.78,34.78,34.78,34.78
ar_condicionado,on,33.41,1850.0,1850.0,1850.0,2030.0,2030.0,2190.0,2190.0,2190.0,2240.0
ar_condicionado,off,1970.0,748.19,748.19,35.8,35.8,35.29,35.29,35.59,35.59,35.59
ar_condicionado,on,32.45,1980.0,1730.0,1730.0,2030.0,2030.0,2030.0,2050.0,2050.0,2220.0
ar_condicionado,off,1970.0,31.97,31.97,31.97,31.97,31.97,31.97,31.97,31.97,31.97
ar_condicionado,on,34.88,2200.0,2200.0,1550.0,1970.0,1970.0,2000.0,2040.0,2040.0,2230.0
ar_condicionado,off,1970.0,1050.0,1050.0,34.48,34.48,33.47,32.68,32.68,32.69,32.69
ar_condicionado,on,26.03,1550.0,1560.0,1560.0,1670.0,1670.0,1700.0,1700.0,1860.0,1910.0
ar_condicionado,off,1630.0,32.69,33.94,33.94,34.45,34.45,34.61,33.97,33.97,33.9
ar_condicionado,on,34.04,1480.0,1480.0,1650.0,1650.0,1680.0,1740.0,1740.0,1770.0,1770.0
ar_condicionado,off,1750.0,35.57,35.57,35.35,34.73,34.73,35.12,35.12,35.42,34.89
ar_condicionado,on,32.65,1330.0,1330.0,1420.0,1420.0,1650.0,1710.0,1710.0,1730.0,1730.0
ar_condicionado,off,1750.0,34.05,34.71,34.71,34.84,34.84,34.28,34.28,34.03,33.17
ar_condicionado,on,32.27,1230.0,1230.0,1390.0,1650.0,1650.0,1690.0,1690.0,1740.0,1780.0
ar_condicionado,off,1770.0,902.83,902.83,35.51,35.51,35.02,35.02,35.29,35.65,35.65
ar_condicionado,on,32.09,1590.0,1590.0,1610.0,1700.0,1700.0,1730.0,1730.0,1770.0,1770.0
ar_condicionado,off,1760.0,976.35,33.15,33.15,34.25,34.25,33.93,33.11,33.11,31.76
ar_condicionado,on,33.71,1490.0,1490.0,1670.0,1670.0,1710.0,1760.0,1760.0,1780.0,1780.0
ar_condicionado,off,1760.0,713.63,713.63,33.43,33.45,33.45,34.39,34.39,35.36,35.55
ar_condicionado,on,34.75,1860.0,1520.0,1520.0,1670.0,1670.0,1710.0,1750.0,1750.0,1780.0
ar_condicionado,off,1760.0,35.93,35.93,35.72,35.72,34.98,33.51,33.51,33.42,33.42
ar_condicionado,on,33.08,1460.0,1670.0,1670.0,1700.0,1700.0,1740.0,1780.0,1780.0,1770.0
ar_condicionado,off,1640.0,33.97,33.97,34.0,33.61,33.61,33.34,33.34,33.92,33.78
ar_condicionado,on,31.73,1040.0,1390.0,1390.0,1650.0,1650.0,1720.0,1750.0,1750.0,1790.0
ar_condicionado,off,1730.0,592.5,33.59,33.59,34.93,34.93,35.35,35.48,35.48,34.94
ar_condicionado,on,187.06,3770.0,3770.0,2500.0,2570.0,2570.0,2600.0,2600.0,2630.0,2640.0
ar_condicionado,off,2750.0,1550.0,1550.0,189.03,188.38,188.38,188.48,188.48,188.84,188.84
ar_condicionado,on,185.68,5470.0,2610.0,2610.0,2570.0,2570.0,2600.0,2620.0,2620.0,2640.0
ar_condicionado,off,2720.0,210.14,210.14,188.03,188.0,188.0,187.93,187.93,188.26,187.57
ar_condicionado,on,186.23,2580.0,2580.0,2560.0,2560.0,2570.0,2600.0,2600.0,2620.0,2620.0
ar_condicionado,off,2740.0,188.51,186.38,186.38,188.25,188.25,188.57,188.57,188.1,188.36
ar_condicionado,on,186.78,4470.0,4470.0,2540.0,2570.0,2570.0,2580.0,2580.0,2610.0,2630.0
ar_condicionado,off,4470.0,2540.0,2570.0,2570.0,2580.0,2580.0,2610.0,2630.0,2630.0,2640.0
ar_condicionado,off,2740.0,188.59,188.99,188.99,188.48,188.48,187.72,187.58,187.58,188.05
ar_condicionado,on,34.29,1810.0,1460.0,1460.0,2050.0,2050.0,2130.0,2100.0,2100.0,2220.0
ar_condicionado,off,1800.0,33.04,33.63,33.63,33.94,33.94,33.26,32.73,32.73,32.12
ar_condicionado,on,34.44,2390.0,1890.0,1890.0,2110.0,2110.0,2070.0,2130.0,2130.0,2320.0
ar_condicionado,off,2020.0,678.66,678.66,678.66,35.27,35.27,35.27,35.47,35.47,35.5
ar_condicionado,on,31.59,1980.0,1980.0,1500.0,2060.0,2060.0,2080.0,2090.0,2090.0,2290.0
ar_condicionado,off,1540.0,34.85,35.42,35.42,35.89,35.89,35.85,35.21,35.21,35.42
ar_condicionado,on,228.56,1650.0,1650.0,1920.0,1920.0,2070.0,2150.0,2150.0,2260.0,2330.0
ar_condicionado,off,2020.0,424.94,424.94,32.79,32.77,32.77,32.69,33.41,33.41,33.88
ar_condicionado,on,35.04,1560.0,2130.0,2130.0,2140.0,2140.0,2180.0,2310.0,2310.0,2360.0
ar_condicionado,off,2020.0,34.85,34.65,34.65,33.86,33.86,33.49,32.79,32.79,32.74
ar_condicionado,on,34.69,1110.0,1110.0,1670.0,1960.0,1960.0,2060.0,2060.0,2060.0,2240.0
ar_condicionado,off,2000.0,35.58,35.58,35.31,35.42,35.42,35.58,35.42,35.42,34.76
ar_condicionado,on,32.15,1570.0,1570.0,1790.0,2060.0,2060.0,2050.0,2230.0,2230.0,2270.0
ar_condicionado,off,1980.0,35.12,35.12,35.24,35.24,35.48,35.19,35.19,34.96,35.0
ar_condicionado,on,31.59,1420.0,1420.0,1670.0,2050.0,2050.0,2040.0,2040.0,2220.0,2220.0
ar_condicionado,off,1910.0,34.4,34.4,34.43,34.43,34.81,35.48,35.48,35.6,35.21
ar_condicionado,on,33.17,2470.0,1810.0,1810.0,2040.0,2040.0,2030.0,2220.0,2220.0,2280.0
ar_condicionado,off,1990.0,814.76,814.76,36.41,35.42,35.42,35.19,34.75,34.75,34.75
ar_condicionado,on,34.75,2090.0,1510.0,1510.0,2030.0,2060.0,2060.0,2060.0,2200.0,2200.0
ar_condicionado,off,1990.0,1380.0,1380.0,33.75,33.27,33.27,33.1,33.16,33.16,33.95
ar_condicionado,on,35.14,758.82,758.82,2150.0,1900.0,1900.0,2070.0,2040.0,2040.0,2160.0
ar_condicionado,off,1990.0,290.35,290.35,35.1,35.1,35.13,34.67,34.67,33.74,33.31
ar_condicionado,on,35.31,2260.0,1880.0,1880.0,2110.0,2110.0,2070.0,2100.0,2100.0,2270.0
ar_condicionado,off,1980.0,1050.0,1050.0,35.16,35.16,35.25,34.33,34.33,33.86,33.86
ar_condicionado,on,50.77,2670.0,2670.0,1980.0,2120.0,2120.0,2250.0,2310.0,2310.0,2560.0
ar_condicionado,off,2300.0,666.12,53.62,53.62,53.57,53.44,53.44,53.42,53.42,53.41
ar_condicionado,on,51.31,1910.0,1560.0,1560.0,2040.0,2040.0,2140.0,2260.0,2260.0,2420.0
ar_condicionado,off,2290.0,51.63,51.63,51.41,51.41,50.94,50.94,50.76,50.76,50.65
ar_condicionado,on,52.34,2140.0,2140.0,1940.0,2090.0,2090.0,2230.0,2280.0,2280.0,2510.0
ar_condicionado,off,2260.0,53.09,53.09,52.99,52.99,52.82,52.72,52.72,52.73,52.79
ar_condicionado,on,34.46,1784.96,1784.96,1785.69,2132.19,2132.19,2175.41,2168.69,2168.69,2257.37
ar_condicionado,off,2069.14,30.23,29.71,29.71,29.57,29.5,29.5,29.45,29.34,29.34
ar_condicionado,on,29.56,1711.59,1711.59,1758.56,2102.19,2102.19,2189.23,2174.28,2174.28,2404.5
ar_condicionado,off,2059.68,231.76,231.76,34.91,34.82,34.82,34.68,34.63,34.63,34.57
ar_condicionado,on,29.18,1372.05,1735.17,1735.17,2236.22,2188.5,2188.5,2256.45,2392.47,2392.47
ar_condicionado,off,2065.22,415.3,35.24,35.24,35.08,35.02,35.02,35.01,35.01,35.01
ar_condicionado,on,29.16,2230.86,2230.86,1581.16,2157.82,2157.82,2199.32,2168.32,2168.32,2293.72
ar_condicionado,off,2048.93,1393.29,1393.29,34.68,34.61,34.61,34.5,34.45,34.45,34.27
ar_condicionado,on,34.98,1619.5,1941.07,1941.07,2177.96,2139.72,2139.72,2388.47,2388.47,2307.19
ar_condicionado,off,2051.21,34.85,34.67,34.67,34.6,34.6,34.41,34.43,34.43,34.33
ar_condicionado,on,34.65,1693.9,1693.9,1734.97,1734.97,2091.92,2147.2,2147.2,2143.54,2366.33
ar_condicionado,off,2035.03,134.35,134.35,29.64,29.36,29.36,29.3,29.25,29.25,29.7
ar_condicionado,on,34.84,1584.68,2138.57,2138.57,2169.33,2169.33,2141.61,2261.88,2261.88,2382.62
ar_condicionado,off,2035.61,1268.38,1268.38,29.86,29.86,29.65,29.63,29.63,29.55,29.52
ar_condicionado,on,34.99,2584.86,1931.97,2161.31,2161.31,2126.12,2126.12,2169.09,2376.31,2376.31
ar_condicionado,off,2031.75,29.86,29.86,29.86,29.86,29.86,29.75,29.75,29.63,29.63
ar_condicionado,on,34.38,2092.66,2092.66,1853.3,2126.19,2126.19,2128.69,2142.44,2142.44,2370.45
ar_condicionado,off,2009.77,30.03,29.72,29.72,29.5,29.5,29.45,29.35,29.35,33.67
ar_condicionado,on,29.91,1849.6,1849.6,1460.76,1740.94,1740.94,2176.22,2128.22,2128.22,2211.35
ar_condicionado,off,1988.88,35.68,35.68,35.23,35.05,35.05,34.8,34.88,34.88,34.99
ar_condicionado,on,29.97,1419.8,1419.8,1712.89,1712.89,2181.76,2124.64,2124.64,2189.22,2318.21
ar_condicionado,off,2037.93,199.66,199.66,35.45,35.36,35.36,35.19,35.32,35.32,35.17
ar_condicionado,on,29.74,1000.53,1657.41,1657.41,1994.67,2167.52,2167.52,2110.88,2169.46,2169.46
ar_condicionado,off,2022.5,35.63,35.39,35.39,31.35,30.68,30.68,29.93,29.89,29.89
ar_condicionado,on,34.97,1377.05,1377.05,1685.94,2169.33,2169.33,2129.15,2192.26,2192.26,2336.78
ar_condicionado,off,2034.22,30.99,30.6,30.6,30.44,30.43,30.43,30.35,30.29,30.29
ar_condicionado,off,1339.76,35.7,35.7,35.59,35.59,35.49,35.46,35.46,35.46,35.46
ar_condicionado,on,34.51,1564.1,1564.1,1415.75,1603.22,1603.22,1639.53,1682.26,1682.26,1700.36
ar_condicionado,off,1685.36,219.87,35.7,35.7,35.65,35.65,35.57,35.54,35.54,35.51
ar_condicionado,on,35.68,849.73,1507.09,1507.09,1638.43,1665.55,1665.55,1702.0,1712.18,1712.18
ar_condicionado,off,1669.34,36.01,36.01,35.73,35.73,35.65,35.65,35.63,35.57,35.57
ar_condicionado,on,31.7,854.37,854.37,1275.1,1579.27,1579.27,1623.88,1673.38,1673.38,1689.74
ar_condicionado,off,1683.76,917.71,917.71,40.23,40.07,40.07,40.07,40.07,39.93,39.93
ar_condicionado,on,31.61,1260.57,1260.57,1540.72,1610.28,1610.28,1677.17,1701.69,1701.69,1733.91
ar_condicionado,off,1685.22,487.55,487.55,35.76,35.76,35.7,35.63,35.63,35.6,35.55
ar_condicionado,on,31.63,1424.73,1424.73,1562.11,1656.26,1656.26,1682.73,1715.85,1715.85,1708.61
ar_condicionado,off,1688.1,39.73,39.73,39.59,39.59,39.47,39.38,39.38,39.32,39.32
ar_condicionado,on,475.53,1475.95,1636.56,1636.56,1666.1,1666.1,1700.95,1716.43,1716.43,1702.22
ar_condicionado,off,1407.2,36.14,36.14,35.88,35.81,35.81,35.79,35.74,35.74,35.67
ar_condicionado,on,617.71,1487.16,1587.16,1587.16,1673.27,1673.27,1718.86,1736.33,1736.33,1717.01
ar_condicionado,off,1357.98,36.07,36.07,35.86,35.86,35.82,35.72,35.72,35.59,35.59
ar_condicionado,on,31.71,730.41,730.41,1483.68,1483.68,1578.94,1653.9,1653.9,1678.38,1707.51
ar_condicionado,off,1238.15,35.6,35.6,35.49,35.41,35.41,35.35,35.39,35.39,35.35
ar_condicionado,on,31.74,1711.92,1576.63,1576.63,1637.18,1691.05,1691.05,1726.67,1726.67,1734.11
ar_condicionado,off,1678.27,40.41,40.41,35.94,32.9,32.9,32.52,32.43,32.43,32.43
ar_condicionado,on,31.54,1336.6,1336.6,1589.72,1658.96,1658.96,1680.82,1680.82,1713.7,1705.96
ar_condicionado,off,1679.56,731.63,36.45,36.45,36.37,36.3,36.3,36.32,36.3,36.3
ar_condicionado,on,31.28,1394.99,1394.99,1544.85,1648.25,1648.25,1672.19,1712.93,1712.93,1723.72
ar_condicionado,off,1700.68,432.7,432.7,39.84,39.84,39.84,39.33,38.76,38.76,38.78
ar_condicionado,on,31.52,1841.81,1841.81,1576.62,1662.34,1662.34,1687.68,1687.68,1725.54,1736.13
ar_condicionado,off,1519.6,36.4,36.4,36.41,36.31,36.31,36.22,36.17,36.17,36.09
ar_condicionado,on,31.55,1315.26,1315.26,1602.54,1602.54,1646.41,1691.71,1691.71,1718.87,1721.34
ar_condicionado,off,1682.8,943.5,943.5,35.72,35.55,35.55,35.47,35.47,35.35,35.33
ar_condicionado,on,34.57,1355.93,1355.93,1553.92,1621.18,1621.18,1679.7,1697.31,1697.31,1733.54
ar_condicionado,off,1677.56,35.63,35.59,35.59,35.54,35.54,35.42,35.42,35.42,35.35
ar_condicionado,on,34.85,1435.97,1567.93,1567.93,1655.78,1655.78,1679.11,1716.93,1716.93,1709.46
ar_condicionado,off,1689.01,87.86,87.86,33.31,33.15,33.15,33.1,33.1,32.98,32.94
ar_condicionado,on,35.11,1816.76,1816.76,2104.79,2104.79,2104.79,2152.33,2152.33,2260.34,2260.34
ar_condicionado,off,2084.98,36.46,35.73,35.73,35.59,35.59,35.5,35.5,35.31,35.31
ar_condicionado,on,35.37,2016.22,2016.22,1786.23,2125.16,2125.16,2152.37,2154.46,2154.46,2249.01
ar_condicionado,off,1922.72,36.27,36.27,35.79,35.79,35.79,35.78,35.53,35.53,35.51
ar_condicionado,on,35.22,1901.61,1901.61,1810.02,2135.8,2135.8,2224.44,2168.36,2168.36,2260.8
ar_condicionado,off,1847.97,36.05,35.79,35.79,35.66,35.45,35.45,35.36,35.33,35.33
ar_condicionado,on,30.57,1663.41,1987.79,1987.79,2183.49,2183.49,2191.63,2191.63,2406.1,2404.28
ar_condicionado,off,2083.06,35.72,35.72,35.51,35.51,35.43,35.33,35.33,35.25,35.31
ar_condicionado,on,29.84,1230.37,1230.37,1595.18,2026.15,2026.15,2174.18,2154.5,2154.5,2192.63
ar_condicionado,off,2071.82,569.96,35.61,35.55,35.55,35.41,35.42,35.42,35.24,35.24
ar_condicionado,on,35.4,1142.77,1142.77,1650.97,2059.07,2207.14,2207.14,2166.78,2166.78,2200.01
ar_condicionado,off,2075.14,596.18,596.18,30.84,30.39,30.39,30.5,30.37,30.37,30.5
ar_condicionado,on,35.76,2504.06,2504.06,2212.75,2212.75,2175.64,2175.64,2344.6,2344.6,2344.6
ar_condicionado,off,2057.03,30.06,30.06,30.06,29.86,29.86,29.75,29.75,29.81,29.81
ar_condicionado,off,1960.0,1160.0,1160.0,34.96,35.21,35.21,35.71,35.71,35.91,35.32
ar_condicionado,on,32.51,1600.0,1600.0,1640.0,1640.0,1970.0,1950.0,1950.0,2090.0,2180.0
ar_condicionado,off,1950.0,36.34,36.34,35.29,35.29,34.78,34.78,35.04,35.04,35.75
ar_condicionado,on,33.08,1580.0,1580.0,1790.0,1990.0,1990.0,2050.0,2050.0,2170.0,2170.0
ar_condicionado,off,1920.0,709.02,709.02,36.02,36.02,36.1,35.73,35.73,34.8,34.35
ar_condicionado,on,33.14,1490.0,1490.0,1710.0,1710.0,2030.0,2030.0,2010.0,2010.0,2180.0
ar_condicionado,off,1930.0,35.73,35.73,35.59,35.59,35.85,35.85,35.57,34.92,34.92
ar_condicionado,on,33.08,1640.0,1660.0,1660.0,2040.0,2040.0,2010.0,2130.0,2130.0,2190.0
ar_condicionado,off,1760.0,33.79,33.79,33.79,33.25,33.25,32.39,32.39,32.76,32.76
ar_condicionado,on,34.34,1480.0,1480.0,2020.0,2050.0,2050.0,2040.0,2040.0,2200.0,2200.0
ar_condicionado,off,1930.0,33.74,33.74,33.64,33.64,32.78,32.78,32.78,32.06,32.06
ar_condicionado,on,33.75,2280.0,2280.0,1850.0,1850.0,2040.0,2040.0,2070.0,2070.0,2190.0
ar_condicionado,off,1940.0,32.61,32.61,32.61,32.61,32.61,32.61,32.61,33.51,33.51
ar_condicionado,on,34.5,2360.0,1810.0,1810.0,1810.0,2020.0,2080.0,2080.0,2190.0,2190.0
ar_condicionado,off,1960.0,33.97,33.78,33.78,33.11,33.11,32.85,32.16,32.16,32.29
ar_condicionado,on,34.07,2470.0,1610.0,1610.0,2090.0,2040.0,2040.0,2100.0,2100.0,2240.0
ar_condicionado,off,1960.0,536.95,536.95,34.01,33.86,33.86,33.1,32.64,32.64,32.26
ar_condicionado,on,32.58,1990.0,1990.0,1820.0,1820.0,2060.0,2060.0,2060.0,2060.0,2060.0
aspirador,on,86.75,677.19,568.66,568.66,565.98,559.05,559.05,530.72,560.22,560.22
aspirador,off,545.51,0.34,0.34,0.32,0.37,0.37,0.25,0.34,0.34,0.4
aspirador,on,0.26,559.07,559.07,552.92,552.92,550.04,549.85,549.85,545.65,545.65
aspirador,off,542.41,439.24,439.24,0.31,0.31,0.3,0.31,0.31,0.3,0.38
aspirador,on,0.33,461.38,556.51,556.51,549.93,549.22,549.22,544.23,541.46,541.46
aspirador,off,537.94,31.03,31.03,0.26,0.26,0.24,0.35,0.35,0.45,0.4
aspirador,on,0.22,373.05,373.05,549.48,548.6,548.6,543.97,543.97,544.85,544.28
aspirador,off,539.34,0.26,0.26,0.4,0.4,0.35,0.35,0.32,0.32,0.33
aspirador,on,0.26,373.78,373.78,550.7,550.7,550.32,547.02,547.02,544.84,543.04
aspirador,off,542.64,104.21,104.21,0.35,0.35,0.33,0.34,0.34,0.34,0.37
forno_eletrico,off,700.96,136.36,136.36,0.51,0.38,0.38,0.4,0.41,0.41,0.53
forno_eletrico,on,0.41,503.44,720.64,720.64,712.55,710.01,710.01,706.6,706.6,705.81
forno_eletrico,off,695.12,372.86,0.6,0.6,0.55,0.55,0.54,0.59,0.59,0.56
forno_eletrico,on,0.61,715.18,715.18,711.53,711.53,705.68,702.49,702.49,701.03,701.03
forno_eletrico,off,694.66,0.56,0.56,0.43,0.48,0.48,0.44,0.44,0.48,0.39
forno_eletrico,on,0.57,147.46,147.46,721.22,721.22,717.08,710.36,710.36,706.44,704.62
forno_eletrico,off,696.45,0.47,0.47,0.43,0.4,0.4,0.44,0.44,0.51,0.51
forno_eletrico,on,41.29,721.42,717.77,717.77,710.67,708.24,708.24,705.34,705.34,703.69
forno_eletrico,off,697.7,0.57,0.57,0.62,0.54,0.54,0.55,0.55,0.59,0.6
ferro_de_passar,on,0.42,631.83,631.83,857.35,858.43,858.43,859.35,857.06,857.06,857.49
ferro_de_passar,off,851.71,0.44,0.44,0.44,0.5,0.5,0.45,0.45,0.52,0.55
ferro_de_passar,on,0.53,802.49,802.49,802.49,802.49,0.47,0.47,0.47,0.47,0.47
ferro_de_passar,off,802.49,0.47,0.47,0.47,0.47,0.47,0.47,0.47,0.47,0.56
ferro_de_passar,on,0.4,384.2,384.2,858.84,858.84,855.48,0.47,0.47,0.4,0.4
ferro_de_passar,off,855.48,0.47,0.47,0.4,0.4,0.37,0.49,0.49,0.38,0.38
ferro_de_passar,on,0.44,570.68,570.68,852.95,852.95,571.87,571.87,0.45,0.45,0.44
ferro_de_passar,off,852.95,571.87,571.87,0.45,0.45,0.44,0.42,0.42,0.39,0.39
ferro_de_passar,on,0.45,854.18,854.18,852.26,0.38,0.38,0.56,0.56,0.39,0.39
ferro_de_passar,off,852.26,0.38,0.38,0.56,0.56,0.39,0.39,0.34,0.44,0.44
ferro_de_passar,on,0.42,303.13,303.13,303.13,303.13,854.2,854.2,854.2,0.35,0.35
ferro_de_passar,off,854.2,0.35,0.35,0.42,0.42,0.42,0.42,0.36,0.39,0.39
ferro_de_passar,on,0.5,457.76,457.76,853.88,700.4,700.4,0.41,0.41,0.36,0.36
ferro_de_passar,off,700.4,0.41,0.41,0.36,0.36,0.26,0.26,0.39,0.39,0.42
ferro_de_passar,on,0.45,543.26,543.26,852.49,852.49,851.41,0.5,0.5,0.41,0.41
ferro_de_passar,off,851.41,0.5,0.5,0.41,0.41,0.41,0.49,0.38,0.38,0.42
ferro_de_passar,on,0.28,817.38,844.89,844.89,844.48,844.48,0.47,0.4,0.4,0.32
ferro_de_passar,off,844.48,0.47,0.4,0.4,0.32,0.35,0.35,0.29,0.28,0.28
ferro_de_passar,on,57.01,854.18,850.56,850.56,191.16,0.22,0.22,0.43,0.43,0.41
ferro_de_passar,off,850.56,191.16,0.22,0.22,0.43,0.43,0.41,0.35,0.35,0.44
ferro_de_passar,on,0.35,851.3,851.3,851.92,853.77,853.77,852.66,850.9,850.9,850.57
ferro_de_passar,off,845.56,0.35,0.35,0.27,0.27,0.22,0.31,0.31,0.39,0.34
ferro_de_passar,on,0.31,851.29,849.51,849.51,846.53,225.28,225.28,0.4,0.26,0.26
ferro_de_passar,off,846.53,225.28,225.28,0.4,0.26,0.26,0.37,0.37,0.25,0.32
ferro_de_passar,on,0.32,408.54,408.54,849.2,849.2,744.93,0.37,0.37,0.35,0.35
ferro_de_passar,off,744.93,0.37,0.37,0.35,0.35,0.38,0.39,0.39,0.31,0.31
ferro_de_passar,on,0.29,252.84,252.84,848.32,848.32,848.12,826.72,826.72,0.33,0.35
ferro_de_passar,off,826.72,0.33,0.35,0.35,0.33,0.3,0.3,0.34,0.27,0.27
ferro_de_passar,on,0.27,848.59,847.64,847.64,847.34,847.34,27.69,0.42,0.42,0.38
ferro_de_passar,off,847.34,27.69,0.42,0.42,0.38,0.34,0.34,0.38,0.37,0.37
ferro_de_passar,on,69.22,875.21,875.21,876.42,876.4,876.4,874.43,873.38,873.38,871.67
ferro_de_passar,off,868.5,0.37,0.37,0.34,0.3,0.3,0.32,0.3,0.3,0.26
microondas,on,3.01,247.29,247.29,247.29,1309.56,1304.56,1304.56,1305.69,1305.69,1298.17
microondas,off,1298.46,35.01,35.69,35.69,7.78,7.78,23.06,23.06,23.21,23.33
microondas,on,2.7,132.78,132.78,1292.68,1292.68,1305.7,1305.7,1305.7,1301.78,1301.78
microondas,off,1305.24,36.66,36.66,36.29,28.65,28.65,3.21,3.21,15.6,15.6
geladeira,on,2.83,713.84,713.84,235.03,228.8,228.8,221.67,218.36,218.36,211.35
geladeira,off,713.84,235.03,228.8,228.8,221.67,218.36,218.36,211.35,207.63,207.63
chuveiro,on,709.25,2522.56,2522.56,2519.31,2528.56,2528.56,2527.06,2530.3,2530.3,2535.38
chuveiro,off,2609.77,171.42,0.24,0.24,0.24,0.24,0.24,0.24,0.24,0.25
chuveiro,on,463.13,2598.72,2598.72,2599.99,2599.99,2599.99,2595.7,2595.7,2597.72,2592.82
chuveiro,on,0.24,2119.47,2119.47,2602.01,2586.88,2586.88,2246.84,2246.84,1493.2,1498.31
chuveiro,off,1341.72,0.53,0.53,0.53,0.54,0.54,0.53,0.53,0.55,0.53
chuveiro,on,899.07,2265.73,2265.73,2264.8,2268.18,2268.18,2263.33,2263.33,2261.93,2270.1
chuveiro,on,315.96,2356.57,2352.92,2352.92,2350.25,2352.63,2352.63,2347.43,2358.31,2358.31
ar_condicionado,on,7.69,609.8,609.8,526.43,568.83,568.83,666.88,666.88,623.53,631.03
ar_condicionado,off,469.81,1.9,1.9,1.92,1.88,1.88,1.88,1.88,1.91,1.93
microondas,on,146.26,1486.95,1486.95,1488.72,1488.72,1488.72,1498.96,1498.96,1475.46,1475.46
microondas,off,1474.34,40.08,40.08,40.08,26.23,26.23,26.23,26.23,26.23,3.64
microondas,on,141.96,1523.08,1523.08,1523.08,1523.08,1523.08,1527.41,1527.41,1533.01,1533.01
microondas,off,1522.1,42.62,42.62,42.62,41.78,3.91,3.91,3.91,3.43,20.54
microondas,on,3.46,1527.3,1527.3,1527.3,1527.3,1527.3,1527.3,1527.3,1527.3,1527.3
microondas,off,1516.49,432.9,41.53,41.53,3.61,3.61,3.61,3.61,3.61,3.51
microondas,on,19.9,1486.6,1486.6,1486.6,1486.6,1486.6,1486.6,1486.6,1486.6,1486.6
microondas,off,1469.6,3.43,3.43,3.43,3.43,3.43,3.43,3.43,3.43,3.43
microondas,on,164.86,1391.12,1508.02,1508.02,1507.98,1507.98,1510.13,1510.13,1501.26,1501.26
microondas,off,953.87,41.83,41.83,3.79,3.79,3.79,3.53,3.35,3.35,3.84
maquina_lavar,on,25.27,226.53,226.53,114.96,114.96,118.51,118.51,118.51,118.51,122.9
maquina_lavar,on,43.24,243.01,243.01,120.69,120.69,111.11,131.82,131.82,131.74,131.74
maquina_lavar,on,25.88,231.95,131.79,131.79,126.41,119.3,119.3,122.82,116.99,116.99
maquina_lavar,on,25.49,237.44,134.81,134.81,127.53,127.53,126.07,131.33,131.33,131.41
maquina_lavar,on,10.1,232.05,232.05,103.77,118.41,118.41,121.54,121.54,113.32,125.56
maquina_lavar,on,8.2,213.45,99.73,99.73,116.12,113.95,113.95,113.31,113.31,127.52
maquina_lavar,on,8.68,222.97,222.97,127.33,116.86,116.86,123.5,123.5,117.88,120.46
maquina_lavar,on,26.5,234.39,234.39,134.0,106.82,106.82,103.84,103.84,98.16,101.1
maquina_lavar,on,37.86,265.92,265.92,112.86,112.86,125.21,127.54,127.54,123.24,122.22
maquina_lavar,on,8.05,241.23,241.23,108.75,105.54,105.54,103.73,101.41,101.41,106.86
maquina_lavar,on,26.84,239.63,104.54,104.54,101.44,99.79,99.79,101.32,97.6,97.6
maquina_lavar,on,28.39,246.61,121.69,121.69,113.99,110.57,110.57,117.68,120.64,120.64
maquina_lavar,on,30.28,233.73,102.0,102.0,114.5,114.5,117.22,117.03,117.03,108.21
maquina_lavar,on,11.89,236.99,236.99,120.9,126.23,126.23,117.56,117.56,121.35,122.48
maquina_lavar,on,8.1,215.69,215.69,121.71,86.48,86.48,104.69,122.43,122.43,125.32
maquina_lavar,on,26.5,227.61,227.61,112.67,131.79,131.79,108.39,108.39,110.23,112.97
maquina_lavar,on,7.78,231.61,231.61,119.16,119.16,122.23,116.15,116.15,119.21,124.08
maquina_lavar,on,8.23,218.87,218.87,87.64,96.64,96.64,121.24,121.24,120.33,121.88
maquina_lavar,on,26.24,242.3,108.15,108.15,96.07,96.07,94.55,100.31,100.31,106.24
maquina_lavar,on,26.44,238.44,238.44,154.7,154.7,116.73,115.86,115.86,105.71,105.71
maquina_lavar,on,7.84,364.62,364.62,229.29,8.05,8.05,8.1,7.79,7.79,7.99
maquina_lavar,off,229.29,8.05,8.05,8.1,7.79,7.79,7.99,7.99,7.94,8.13
maquina_lavar,on,7.86,246.73,155.28,155.28,8.05,7.92,7.92,7.84,7.84,7.97
maquina_lavar,on,66.26,253.64,11.24,11.24,7.82,7.82,8.09,7.88,7.88,32.35
maquina_lavar,on,66.92,277.7,277.7,133.22,117.32,117.32,126.66,126.66,125.85,122.59
maquina_lavar,on,15.05,217.57,148.67,148.67,134.02,134.02,131.63,135.45,135.45,133.2
maquina_lavar,on,7.58,249.1,249.1,150.64,149.3,149.3,136.8,136.8,134.66,152.28
maquina_lavar,on,7.8,258.52,158.49,158.49,133.45,135.06,135.06,148.07,148.07,142.77
maquina_lavar,on,7.58,253.68,253.68,179.34,143.18,143.18,137.74,137.74,140.52,145.35
maquina_lavar,on,24.77,274.41,157.41,157.41,127.65,127.65,138.93,142.0,142.0,130.05
maquina_lavar,on,11.87,214.03,214.03,28.82,28.82,11.97,12.31,12.31,11.93,11.83
maquina_lavar,on,34.52,287.99,287.99,141.05,141.05,134.48,133.87,133.87,145.36,145.36
maquina_lavar,on,11.4,216.78,216.78,143.43,155.64,155.64,155.27,136.67,136.67,143.55
maquina_lavar,on,7.98,298.9,182.98,182.98,143.48,131.63,131.63,145.54,145.54,139.34
maquina_lavar,on,34.34,226.9,226.9,28.22,28.22,16.23,16.44,16.44,16.43,16.43
maquina_lavar,on,16.44,258.48,147.01,147.01,16.67,16.62,16.62,16.41,16.41,16.51
maquina_lavar,on,16.78,277.67,170.58,170.58,16.84,16.84,16.22,16.31,16.31,16.47
maquina_lavar,on,8.0,287.17,171.19,171.19,151.01,151.01,157.87,158.99,158.99,166.16
maquina_lavar,on,15.27,215.58,215.58,183.35,157.29,157.29,157.96,157.97,157.97,159.94
maquina_lavar,on,16.66,215.74,215.74,168.98,168.98,176.73,142.56,142.56,152.62,152.62
maquina_lavar,on,7.98,281.35,163.04,163.04,160.7,160.7,155.72,156.89,156.89,147.73
geladeira,on,2.89,698.57,698.57,533.07,141.9,141.9,150.83,152.95,152.95,152.71
geladeira,off,533.07,141.9,141.9,150.83,152.95,152.95,152.71,155.44,155.44,154.52
geladeira,off,215.91,3.01,2.68,2.68,2.53,2.53,2.95,2.88,2.88,2.46
geladeira,on,3.12,650.26,757.87,757.87,226.63,222.24,222.24,215.0,211.66,211.66
geladeira,off,757.87,226.63,222.24,222.24,215.0,211.66,211.66,204.45,200.21,200.21
microondas,on,30.98,126.74,126.74,1295.35,1288.21,1288.21,1288.73,1285.71,1285.71,1293.7
microondas,off,1295.62,35.62,35.51,35.51,3.22,3.22,3.17,3.06,3.06,2.89
microondas,on,2.97,116.53,334.87,334.87,1217.55,1217.55,1218.45,1216.34,1216.34,1216.38
microondas,off,1216.72,279.39,34.07,34.07,34.06,2.8,2.8,2.92,2.92,2.97
microondas,on,6.1,129.78,129.78,150.07,1263.22,1263.22,1263.22,1266.51,1266.51,1269.36
microondas,off,1258.77,34.64,34.61,34.61,15.01,2.91,2.91,3.02,3.02,2.93
geladeira,on,2.75,468.7,468.7,144.49,147.02,147.02,157.16,157.11,157.11,157.27
geladeira,off,468.7,144.49,147.02,147.02,157.16,157.11,157.11,157.27,156.38,156.38
geladeira,off,180.01,2.75,2.75,2.75,3.07,3.07,2.72,2.72,2.66,2.95
geladeira,on,2.48,419.26,927.79,927.79,238.97,223.42,223.42,220.17,211.55,211.55
geladeira,off,927.79,238.97,223.42,223.42,220.17,211.55,211.55,207.5,200.69,200.69
chuveiro,on,0.24,2535.71,2542.43,2542.43,2704.96,2704.96,3283.86,3286.66,3286.66,3332.83
chuveiro,off,2722.52,0.29,0.29,0.24,0.26,0.26,0.23,0.23,0.24,0.26
chuveiro,on,0.24,3392.68,3392.68,3939.81,2079.07,2079.07,1904.68,1905.83,1905.83,1914.29
microondas,on,158.55,1546.76,1546.76,1571.77,1571.77,1569.09,1573.22,1573.22,1570.66,1568.91
microondas,off,1561.04,153.6,153.6,42.8,3.84,3.84,3.8,3.7,3.7,3.56
microondas,on,26.79,1526.33,1526.33,1526.33,1526.33,1526.33,1526.33,1526.33,1526.33,1526.33
microondas,off,1530.94,42.19,42.19,42.73,42.73,3.8,3.8,3.7,3.72,3.72
ar_condicionado,on,3.09,677.98,548.64,548.64,588.04,565.65,565.65,577.18,577.18,597.46
ar_condicionado,off,710.04,15.49,15.42,15.42,15.37,15.41,15.41,15.31,15.32,15.32
ar_condicionado,on,241.28,573.54,573.54,665.1,673.86,673.86,718.57,707.73,707.73,701.5
ar_condicionado,off,512.34,15.59,15.39,15.39,15.43,15.39,15.39,15.35,15.29,15.29
ar_condicionado,on,15.39,568.22,701.43,701.43,720.2,739.08,739.08,752.15,712.06,712.06
ar_condicionado,off,728.39,299.76,299.76,15.46,15.42,15.42,15.41,15.32,15.32,15.31
geladeira,on,2.24,687.31,114.21,114.21,123.68,127.45,127.45,127.98,127.98,127.69
geladeira,off,687.31,114.21,114.21,123.68,127.45,127.45,127.98,127.98,127.69,126.8
geladeira,off,189.97,2.5,2.5,2.5,2.5,2.5,2.5,2.59,2.05,2.05
geladeira,on,3.12,284.47,284.47,284.47,180.96,180.96,180.96,180.96,180.96,180.96
geladeira,on,2.22,406.97,603.29,603.29,117.42,117.42,125.3,128.06,128.06,127.83
geladeira,off,603.29,117.42,117.42,125.3,128.06,128.06,127.83,128.9,128.9,128.28
geladeira,on,2.22,823.0,111.91,111.91,126.45,126.39,126.39,126.91,126.91,126.73
geladeira,off,823.0,111.91,111.91,126.45,126.39,126.39,126.91,126.91,126.73,124.47
geladeira,on,2.26,475.13,475.13,117.64,117.64,125.76,124.59,124.59,123.97,125.42
geladeira,off,475.13,117.64,117.64,125.76,124.59,124.59,123.97,125.42,125.42,124.54
geladeira,off,220.98,49.09,49.09,2.92,2.57,2.57,2.75,2.75,2.56,2.47
geladeira,on,2.69,343.35,231.55,231.55,226.32,222.98,222.98,214.7,210.21,210.21
microondas,on,138.67,1524.8,1519.79,1519.79,1497.2,1474.37,1474.37,1467.36,1467.36,1473.89
microondas,off,1465.32,3.31,3.31,3.31,3.31,3.31,3.31,3.55,3.55,3.84
microondas,on,174.4,1505.87,1508.57,1508.57,1508.57,1504.52,1504.52,1510.7,1510.7,1510.7
microondas,off,1459.86,41.02,41.02,40.6,31.58,31.58,4.02,3.72,3.72,3.64
microondas,on,139.87,1515.65,1515.65,1516.49,1516.49,1516.49,1516.49,1512.55,1512.55,1512.55
microondas,off,1510.42,3.57,3.57,3.53,3.53,3.37,3.37,3.77,3.39,3.39
microondas,on,155.47,1489.38,1489.38,1492.14,1491.34,1491.34,1486.64,1486.64,1488.13,1488.13
microondas,off,1488.13,473.62,27.06,27.06,8.25,3.53,3.53,3.91,3.91,3.73
chuveiro,off,3743.93,0.86,0.72,0.72,0.72,0.75,0.75,0.73,0.74,0.74
geladeira,on,2.87,935.78,327.88,327.88,147.27,147.27,153.3,152.57,152.57,152.6
geladeira,off,327.88,147.27,147.27,153.3,152.57,152.57,152.6,152.48,152.48,151.88
microondas,on,3.64,1535.43,1535.43,1535.43,1535.43,1535.43,1535.43,1535.43,1535.43,1538.87
microondas,off,1191.09,42.98,42.98,42.49,29.39,29.39,4.19,13.9,13.9,27.25
chuveiro,on,1182.68,2954.56,2964.08,2964.08,2956.76,2956.76,2955.8,2951.66,2951.66,2946.62
chuveiro,off,3920.82,0.29,0.29,0.27,0.26,0.26,0.26,0.26,0.26,0.26
chuveiro,on,0.26,3402.6,26.04,26.04,2495.55,2508.95,2508.95,2507.23,2505.01,2505.01
chuveiro,off,2542.57,0.25,0.27,0.27,0.26,0.26,0.25,0.26,0.26,0.25
geladeira,on,140.98,917.38,132.96,132.96,142.84,149.01,149.01,150.09,149.5,149.5
geladeira,off,917.38,132.96,132.96,142.84,149.01,149.01,150.09,149.5,149.5,149.49
geladeira,off,220.98,49.09,49.09,2.92,2.57,2.57,2.75,2.75,2.56,2.47
geladeira,on,2.69,343.35,231.55,231.55,226.32,222.98,222.98,214.7,210.21,210.21
microondas,on,670.24,1539.26,1541.18,1541.18,1538.5,1538.5,1523.77,1523.77,1523.77,1523.77
microondas,off,1520.76,318.1,318.1,41.77,41.5,41.5,3.62,3.75,3.75,3.47
microondas,on,138.67,1524.8,1519.79,1519.79,1497.2,1474.37,1474.37,1467.36,1467.36,1473.89
microondas,off,1465.32,3.31,3.31,3.31,3.31,3.31,3.31,3.55,3.55,3.84
microondas,on,174.4,1505.87,1508.57,1508.57,1508.57,1504.52,1504.52,1510.7,1510.7,1510.7
microondas,off,1459.86,41.02,41.02,40.6,31.58,31.58,4.02,3.72,3.72,3.64
microondas,on,139.87,1515.65,1515.65,1516.49,1516.49,1516.49,1516.49,1512.55,1512.55,1512.55
microondas,off,1510.42,3.57,3.57,3.53,3.53,3.37,3.37,3.77,3.39,3.39
microondas,on,155.47,1489.38,1489.38,1492.14,1491.34,1491.34,1486.64,1486.64,1488.13,1488.13
microondas,off,1488.13,473.62,27.06,27.06,8.25,3.53,3.53,3.91,3.91,3.73
chuveiro,off,3743.93,0.86,0.72,0.72,0.72,0.75,0.75,0.73,0.74,0.74
microondas,on,18.38,159.38,159.38,159.38,159.38,159.38,1275.61,1275.61,1275.13,1275.13
microondas,on,159.38,1275.61,1275.61,1275.13,1275.13,1270.78,1271.33,1271.33,1277.11,1276.43
microondas,off,1272.41,45.98,45.98,35.08,32.28,32.28,2.97,2.97,3.01,2.87
microondas,on,3.22,107.75,107.75,935.21,1266.7,1266.7,1270.97,1275.07,1275.07,1275.43
microondas,off,1273.31,35.42,35.42,35.35,14.52,14.52,3.03,3.03,3.06,2.95
geladeira,on,2.56,909.02,157.45,157.45,121.3,121.3,126.79,126.98,126.98,127.34
geladeira,off,909.02,157.45,157.45,121.3,121.3,126.79,126.98,126.98,127.34,126.97
geladeira,on,2.6,111.07,111.07,111.07,111.07,111.07,111.07,111.07,111.07,111.07
geladeira,off,192.7,2.22,2.22,2.59,2.1,2.1,2.47,2.49,2.49,2.21
geladeira,on,2.45,295.5,295.5,179.15,173.83,173.83,163.59,163.59,159.62,151.33
geladeira,on,2.69,580.98,631.96,631.96,133.5,150.66,150.66,154.9,154.9,154.46
geladeira,off,631.96,133.5,150.66,150.66,154.9,154.9,154.46,154.85,154.85,154.08
microondas,on,163.69,1527.58,1527.58,1540.58,1540.58,1540.58,1536.49,1536.49,1536.49,1538.15
microondas,off,1527.91,42.37,42.37,39.17,3.69,3.69,4.13,3.58,3.58,3.68
microondas,on,427.59,1491.73,1491.73,1491.73,1496.81,1488.85,1488.85,1488.85,1491.21,1491.21
microondas,off,1489.62,42.65,42.65,41.33,41.33,7.15,3.33,3.33,3.57,3.57
chuveiro,on,0.26,2665.52,2665.52,2665.52,2657.14,2658.05,2658.05,719.85,719.85,0.26
chuveiro,off,2658.05,719.85,719.85,0.26,0.25,0.25,0.26,0.25,0.25,0.26
chuveiro,on,0.24,2655.6,2655.6,2655.6,2655.6,2655.6,2655.6,2655.6,2655.6,2655.6
chuveiro,off,2166.95,0.25,0.25,0.25,0.24,0.27,0.27,0.26,0.24,0.24
geladeira,on,2.48,166.97,121.94,121.94,125.63,124.44,124.44,125.64,125.64,124.52
geladeira,on,2.28,398.53,398.53,648.72,116.24,116.24,123.12,124.4,124.4,125.12
geladeira,off,648.72,116.24,116.24,123.12,124.4,124.4,125.12,125.12,124.71,124.36
geladeira,on,2.32,243.38,243.38,125.75,125.75,127.38,126.44,126.44,126.09,126.03
geladeira,off,185.72,2.43,2.48,2.48,2.38,2.38,2.4,2.15,2.15,2.24
geladeira,on,101.55,866.41,114.72,114.72,123.32,123.32,127.19,127.29,127.29,128.16
geladeira,off,866.41,114.72,114.72,123.32,123.32,127.19,127.29,127.29,128.16,127.38
geladeira,off,189.25,1.8,1.8,2.68,1.91,1.91,1.91,2.5,2.5,2.04
geladeira,on,2.58,394.12,394.12,577.63,114.81,114.81,124.26,124.26,129.93,129.24
geladeira,off,577.63,114.81,114.81,124.26,124.26,129.93,129.24,129.24,130.97,130.97
geladeira,on,1.79,269.93,269.93,110.76,125.28,125.28,127.55,127.34,127.34,127.61
microondas,on,90.62,670.16,670.16,1220.34,1220.34,1225.18,1217.64,1217.64,1208.05,1208.94
microondas,off,1216.34,845.68,2.8,2.8,2.84,2.91,2.91,2.43,2.43,2.77
microondas,on,111.71,1221.48,1234.51,1234.51,1235.12,1231.97,1231.97,1236.49,1223.91,1223.91
microondas,off,1236.09,13.45,13.45,21.83,21.83,2.92,2.92,2.88,3.09,3.09
geladeira,on,136.04,964.49,137.32,137.32,148.16,152.36,152.36,151.98,151.98,152.6
geladeira,off,964.49,137.32,137.32,148.16,152.36,152.36,151.98,151.98,152.6,152.64
geladeira,on,2.12,591.36,591.36,142.46,142.46,154.73,154.73,154.73,154.73,154.5
geladeira,off,591.36,142.46,142.46,154.73,154.73,154.73,154.73,154.5,154.5,154.89
geladeira,on,27.92,1078.05,139.34,139.34,147.78,147.78,152.71,153.86,153.86,151.41
geladeira,off,1078.05,139.34,139.34,147.78,147.78,152.71,153.86,153.86,151.41,151.92
geladeira,off,192.81,2.8,3.4,3.4,1.7,1.7,2.06,2.06,2.65,2.65
geladeira,on,2.43,224.46,224.46,224.46,224.46,210.96,210.96,201.67,201.67,201.67
maquina_lavar,on,8.36,1626.58,1626.58,1625.74,1625.74,1640.86,1638.54,1638.54,1732.21,1711.31
maquina_lavar,off,1531.54,8.43,8.45,8.45,8.4,8.4,28.14,26.42,26.42,105.23
maquina_lavar,on,24.09,298.54,298.54,28.16,28.16,7.92,8.15,8.15,7.94,8.1
maquina_lavar,off,298.54,28.16,28.16,7.92,8.15,8.15,7.94,8.1,8.1,8.07
maquina_lavar,on,8.18,235.6,235.6,196.93,196.93,8.16,8.16,8.11,8.04,8.04
maquina_lavar,on,40.69,233.23,233.23,109.27,109.27,96.12,99.51,99.51,96.16,86.96
maquina_lavar,on,7.8,228.65,102.1,102.1,99.39,105.11,105.11,96.46,96.46,99.78
maquina_lavar,on,16.17,236.85,236.85,98.18,16.32,16.32,16.21,16.05,16.05,16.21
maquina_lavar,on,7.87,246.15,117.15,117.15,112.63,112.63,113.62,110.36,110.36,102.56
maquina_lavar,on,7.95,230.48,230.48,116.28,124.3,124.3,110.87,112.98,112.98,117.06
maquina_lavar,on,16.09,228.75,228.75,110.04,110.04,99.85,108.7,108.7,115.17,111.1
microondas,on,2.74,203.24,203.24,1318.99,1319.12,1319.12,1320.08,1320.08,1321.84,1316.29
microondas,off,1316.59,494.61,36.97,36.97,23.98,23.98,23.84,6.34,6.34,2.91
geladeira,on,2.75,734.43,119.79,119.79,126.1,136.25,136.25,136.08,135.87,135.87
geladeira,off,734.43,119.79,119.79,126.1,136.25,136.25,136.08,135.87,135.87,136.57
geladeira,off,194.0,49.07,49.07,2.56,2.33,2.33,2.47,2.47,2.39,2.39
geladeira,on,3.01,498.59,498.59,884.04,884.04,227.36,223.74,223.74,216.26,212.73
geladeira,off,884.04,227.36,223.74,223.74,216.26,212.73,212.73,204.15,200.69,200.69
chuveiro,on,0.79,2796.2,2413.0,2413.0,2412.86,2412.86,2412.38,2385.03,2385.03,2386.73
geladeira,off,145.48,16.88,16.88,16.78,16.78,16.73,16.62,16.62,16.92,16.59
geladeira,on,2.88,884.96,572.75,572.75,236.19,236.19,226.99,222.88,222.88,213.89
geladeira,off,572.75,236.19,236.19,226.99,222.88,222.88,213.89,213.89,209.31,201.69
microondas,on,80.78,1518.23,1518.23,1518.23,1518.23,1518.23,1518.23,1518.23,1518.23,1518.23
microondas,off,1516.06,3.64,3.64,3.64,3.64,3.64,3.64,3.64,3.64,3.64
microondas,on,376.29,1511.89,1511.89,1511.89,1036.32,1036.32,1036.32,1036.32,1036.32,1036.32
microondas,off,1036.32,41.17,41.17,25.19,3.8,3.8,3.89,3.89,3.6,3.5
microondas,on,150.28,1480.74,1480.74,1480.74,1480.74,1480.74,1483.02,1483.02,1483.02,1483.02
microondas,off,1496.16,112.16,112.16,112.16,112.16,112.16,112.16,4.04,4.04,4.04
microondas,on,58.4,1510.04,1510.04,1510.04,1510.04,1510.04,1509.68,1509.68,1509.68,1509.68
microondas,off,1504.71,40.47,40.47,40.47,41.13,41.13,6.53,6.53,3.93,3.93
chuveiro,off,2666.36,0.25,0.25,0.25,0.24,0.24,0.24,0.24,0.24,0.24
chuveiro,on,0.26,2594.35,2594.35,2594.35,2594.35,2594.35,2594.35,2594.35,2594.35,2594.35
chuveiro,off,2312.9,0.25,0.25,0.25,0.24,0.24,0.25,0.25,0.25,0.25
chuveiro,on,0.25,2517.1,2517.1,2517.1,2517.1,2517.1,2517.1,2517.1,2517.1,2517.1
chuveiro,off,2515.7,0.24,0.24,0.24,0.24,0.24,0.24,0.24,0.24,0.24
chuveiro,on,0.24,2466.56,2466.56,2466.56,2466.56,2466.56,2466.56,2466.56,2466.56,2466.56
chuveiro,off,3460.03,0.24,0.24,0.24,0.24,0.24,0.24,0.24,0.24,0.24
geladeira,on,2.75,468.7,468.7,144.49,147.02,147.02,157.16,157.11,157.11,157.27
geladeira,off,468.7,144.49,147.02,147.02,157.16,157.11,157.11,157.27,156.38,156.38
microondas,on,141.13,1547.39,1547.39,1543.72,1511.75,1511.75,1506.22,1506.22,1509.52,1508.64
microondas,off,1219.63,42.01,41.14,41.14,3.79,3.79,3.41,26.88,26.88,27.39
chuveiro,on,0.24,2535.71,2542.43,2542.43,2704.96,2704.96,3283.86,3286.66,3286.66,3332.83
chuveiro,off,2722.52,0.29,0.29,0.24,0.26,0.26,0.23,0.23,0.24,0.26
chuveiro,on,0.24,3392.68,3392.68,3939.81,2079.07,2079.07,1904.68,1905.83,1905.83,1914.29
microondas,on,16.81,135.4,135.4,135.4,1319.12,1319.12,1319.32,1319.32,1319.56,1324.92
microondas,off,1281.83,575.16,36.46,36.46,36.38,3.02,3.02,3.02,3.02,3.14
ar_condicionado,on,1.22,2530.0,2530.0,1330.0,1330.0,1400.0,1560.0,1560.0,1690.0,1670.0
ar_condicionado,off,1850.0,524.96,36.21,36.21,36.29,36.14,36.14,36.0,35.0,35.0
ar_condicionado,on,34.17,2190.0,2190.0,1440.0,1810.0,1810.0,1870.0,1930.0,1930.0,2000.0
ar_condicionado,off,1870.0,1190.0,35.68,35.68,36.25,36.2,36.2,35.81,35.79,35.79
ar_condicionado,on,33.58,1510.0,1580.0,1580.0,1920.0,1890.0,1890.0,2000.0,2000.0,2050.0
ar_condicionado,off,1860.0,36.13,36.13,35.1,35.1,35.12,35.64,35.64,35.96,36.21
ar_condicionado,on,35.19,1460.0,1560.0,1560.0,1790.0,1910.0,1910.0,1910.0,2060.0,2060.0
ar_condicionado,off,1860.0,35.71,35.85,35.85,36.22,36.07,36.07,35.24,34.84,34.84
ar_condicionado,on,33.81,1800.0,1800.0,1600.0,1990.0,1990.0,1940.0,2090.0,2090.0,2090.0
ar_condicionado,off,1860.0,138.71,138.71,34.99,34.99,35.26,35.96,35.96,36.01,35.9
ar_condicionado,on,35.46,2400.14,1537.04,1537.04,1775.77,1835.45,1835.45,1878.18,2029.61,2029.61
ar_condicionado,off,1863.11,35.76,35.76,35.57,35.4,35.4,35.32,35.23,35.23,35.15
ar_condicionado,on,34.71,1488.31,1488.31,1670.98,1925.31,1925.31,1937.01,1941.13,1941.13,2132.66
ar_condicionado,off,1364.62,35.62,35.62,35.31,35.21,35.21,35.11,35.06,35.05,35.05
ar_condicionado,on,34.32,2458.67,1752.08,1752.08,1987.91,1987.91,1976.44,1968.65,2075.02,2075.02
ar_condicionado,off,1875.91,365.85,365.85,35.28,35.3,35.2,35.2,35.09,35.09,35.05
ar_condicionado,on,34.91,1797.07,1394.63,1394.63,1905.2,2003.54,2003.54,1956.74,2009.65,2009.65
ar_condicionado,off,1510.53,35.94,35.37,35.34,35.34,35.21,35.1,35.1,35.05,35.11
ar_condicionado,on,34.79,2272.68,2272.68,1519.1,1988.85,1988.85,1969.01,1967.79,1967.79,2097.93
ar_condicionado,off,1874.8,798.83,798.83,35.13,35.09,34.94,34.94,34.86,34.86,34.8
ar_condicionado,on,35.01,1432.91,1482.1,1482.1,1860.91,1988.27,1988.27,1962.7,2023.75,2147.45
ar_condicionado,off,1896.79,434.31,35.57,35.57,35.29,35.31,35.31,35.19,35.09,35.09
ar_condicionado,on,34.56,1403.29,1618.91,1618.91,1999.12,1999.12,1978.85,2069.55,2069.55,2169.9
ar_condicionado,off,1848.09,35.52,35.52,35.48,35.31,35.31,35.32,35.21,35.21,35.18
ar_condicionado,on,35.54,2062.77,2062.77,1695.34,1981.67,1981.67,1984.47,2003.54,2189.41,2189.41
ar_condicionado,off,1924.2,882.51,35.33,35.33,35.06,35.06,35.02,34.85,34.85,34.77
ar_condicionado,on,35.35,1152.16,1152.16,1608.8,1888.24,1888.24,2021.7,1989.14,2046.86,2046.86
ar_condicionado,off,1913.69,35.41,35.22,35.22,35.12,35.12,35.12,34.94,35.06,35.06
ar_condicionado,on,195.7,2387.07,1826.52,1826.52,2027.1,1991.84,1991.84,2041.1,2224.05,2224.05
ar_condicionado,off,1339.76,35.7,35.7,35.59,35.59,35.49,35.46,35.46,35.46,35.46
ar_condicionado,on,34.51,1564.1,1564.1,1415.75,1603.22,1603.22,1639.53,1682.26,1682.26,1700.36
ar_condicionado,off,1685.36,219.87,35.7,35.7,35.65,35.65,35.57,35.54,35.54,35.51
ar_condicionado,on,35.68,849.73,1507.09,1507.09,1638.43,1665.55,1665.55,1702.0,1712.18,1712.18
ar_condicionado,off,1669.34,36.01,36.01,35.73,35.73,35.65,35.65,35.63,35.57,35.57
ar_condicionado,on,31.7,854.37,854.37,1275.1,1579.27,1579.27,1623.88,1673.38,1673.38,1689.74
ar_condicionado,off,1683.76,917.71,917.71,40.23,40.07,40.07,40.07,40.07,39.93,39.93
ar_condicionado,on,31.61,1260.57,1260.57,1540.72,1610.28,1610.28,1677.17,1701.69,1701.69,1733.91
ar_condicionado,off,1685.22,487.55,487.55,35.76,35.76,35.7,35.63,35.63,35.6,35.55
ar_condicionado,on,31.63,1424.73,1424.73,1562.11,1656.26,1656.26,1682.73,1715.85,1715.85,1708.61
ar_condicionado,off,1688.1,39.73,39.73,39.59,39.59,39.47,39.38,39.38,39.32,39.32
ar_condicionado,on,475.53,1475.95,1636.56,1636.56,1666.1,1666.1,1700.95,1716.43,1716.43,1702.22
ar_condicionado,off,1407.2,36.14,36.14,35.88,35.81,35.81,35.79,35.74,35.74,35.67
ar_condicionado,on,617.71,1487.16,1587.16,1587.16,1673.27,1673.27,1718.86,1736.33,1736.33,1717.01
ar_condicionado,off,1357.98,36.07,36.07,35.86,35.86,35.82,35.72,35.72,35.59,35.59
ar_condicionado,on,31.71,730.41,730.41,1483.68,1483.68,1578.94,1653.9,1653.9,1678.38,1707.51
ar_condicionado,off,1238.15,35.6,35.6,35.49,35.41,35.41,35.35,35.39,35.39,35.35
ar_condicionado,on,31.74,1711.92,1576.63,1576.63,1637.18,1691.05,1691.05,1726.67,1726.67,1734.11
ar_condicionado,off,1678.27,40.41,40.41,35.94,32.9,32.9,32.52,32.43,32.43,32.43
ar_condicionado,on,31.54,1336.6,1336.6,1589.72,1658.96,1658.96,1680.82,1680.82,1713.7,1705.96
ar_condicionado,off,1679.56,731.63,36.45,36.45,36.37,36.3,36.3,36.32,36.3,36.3
ar_condicionado,on,31.28,1394.99,1394.99,1544.85,1648.25,1648.25,1672.19,1712.93,1712.93,1723.72
ar_condicionado,off,1700.68,432.7,432.7,39.84,39.84,39.84,39.33,38.76,38.76,38.78
ar_condicionado,on,31.52,1841.81,1841.81,1576.62,1662.34,1662.34,1687.68,1687.68,1725.54,1736.13
ar_condicionado,off,1519.6,36.4,36.4,36.41,36.31,36.31,36.22,36.17,36.17,36.09
ar_condicionado,on,31.55,1315.26,1315.26,1602.54,1602.54,1646.41,1691.71,1691.71,1718.87,1721.34
ar_condicionado,off,1682.8,943.5,943.5,35.72,35.55,35.55,35.47,35.47,35.35,35.33
ar_condicionado,on,34.57,1355.93,1355.93,1553.92,1621.18,1621.18,1679.7,1697.31,1697.31,1733.54
ar_condicionado,off,1677.56,35.63,35.59,35.59,35.54,35.54,35.42,35.42,35.42,35.35
ar_condicionado,on,34.85,1435.97,1567.93,1567.93,1655.78,1655.78,1679.11,1716.93,1716.93,1709.46
ar_condicionado,off,1689.01,87.86,87.86,33.31,33.15,33.15,33.1,33.1,32.98,32.94
ar_condicionado,off,1960.0,1160.0,1160.0,34.96,35.21,35.21,35.71,35.71,35.91,35.32
ar_condicionado,on,32.51,1600.0,1600.0,1640.0,1640.0,1970.0,1950.0,1950.0,2090.0,2180.0
ar_condicionado,off,1950.0,36.34,36.34,35.29,35.29,34.78,34.78,35.04,35.04,35.75
ar_condicionado,on,33.08,1580.0,1580.0,1790.0,1990.0,1990.0,2050.0,2050.0,2170.0,2170.0
ar_condicionado,off,1920.0,709.02,709.02,36.02,36.02,36.1,35.73,35.73,34.8,34.35
ar_condicionado,on,33.14,1490.0,1490.0,1710.0,1710.0,2030.0,2030.0,2010.0,2010.0,2180.0
ar_condicionado,off,1930.0,35.73,35.73,35.59,35.59,35.85,35.85,35.57,34.92,34.92
ar_condicionado,on,33.08,1640.0,1660.0,1660.0,2040.0,2040.0,2010.0,2130.0,2130.0,2190.0
ar_condicionado,off,1760.0,33.79,33.79,33.79,33.25,33.25,32.39,32.39,32.76,32.76
ar_condicionado,on,34.34,1480.0,1480.0,2020.0,2050.0,2050.0,2040.0,2040.0,2200.0,2200.0
ar_condicionado,off,1930.0,33.74,33.74,33.64,33.64,32.78,32.78,32.78,32.06,32.06
ar_condicionado,on,33.75,2280.0,2280.0,1850.0,1850.0,2040.0,2040.0,2070.0,2070.0,2190.0
ar_condicionado,off,1940.0,32.61,32.61,32.61,32.61,32.61,32.61,32.61,33.51,33.51
ar_condicionado,on,34.5,2360.0,1810.0,1810.0,1810.0,2020.0,2080.0,2080.0,2190.0,2190.0
ar_condicionado,off,1960.0,33.97,33.78,33.78,33.11,33.11,32.85,32.16,32.16,32.29
ar_condicionado,on,34.07,2470.0,1610.0,1610.0,2090.0,2040.0,2040.0,2100.0,2100.0,2240.0
ar_condicionado,off,1960.0,536.95,536.95,34.01,33.86,33.86,33.1,32.64,32.64,32.26
ar_condicionado,on,32.58,1990.0,1990.0,1820.0,1820.0,2060.0,2060.0,2060.0,2060.0,2060.0
geladeira,on,2.83,713.84,713.84,235.03,228.8,228.8,221.67,218.36,218.36,211.35
geladeira,off,713.84,235.03,228.8,228.8,221.67,218.36,218.36,211.35,207.63,207.63
chuveiro,on,709.25,2522.56,2522.56,2519.31,2528.56,2528.56,2527.06,2530.3,2530.3,2535.38
chuveiro,off,2609.77,171.42,0.24,0.24,0.24,0.24,0.24,0.24,0.24,0.25
chuveiro,on,463.13,2598.72,2598.72,2599.99,2599.99,2599.99,2595.7,2595.7,2597.72,2592.82
chuveiro,on,0.24,2119.47,2119.47,2602.01,2586.88,2586.88,2246.84,2246.84,1493.2,1498.31
chuveiro,off,1341.72,0.53,0.53,0.53,0.54,0.54,0.53,0.53,0.55,0.53
chuveiro,on,899.07,2265.73,2265.73,2264.8,2268.18,2268.18,2263.33,2263.33,2261.93,2270.1
chuveiro,on,315.96,2356.57,2352.92,2352.92,2350.25,2352.63,2352.63,2347.43,2358.31,2358.31
ar_condicionado,on,7.69,609.8,609.8,526.43,568.83,568.83,666.88,666.88,623.53,631.03
ar_condicionado,off,469.81,1.9,1.9,1.92,1.88,1.88,1.88,1.88,1.91,1.93
geladeira,on,2.75,468.7,468.7,144.49,147.02,147.02,157.16,157.11,157.11,157.27
geladeira,off,468.7,144.49,147.02,147.02,157.16,157.11,157.11,157.27,156.38,156.38
geladeira,off,180.01,2.75,2.75,2.75,3.07,3.07,2.72,2.72,2.66,2.95
geladeira,on,2.48,419.26,927.79,927.79,238.97,223.42,223.42,220.17,211.55,211.55
geladeira,off,927.79,238.97,223.42,223.42,220.17,211.55,211.55,207.5,200.69,200.69
chuveiro,on,0.24,2535.71,2542.43,2542.43,2704.96,2704.96,3283.86,3286.66,3286.66,3332.83
chuveiro,off,2722.52,0.29,0.29,0.24,0.26,0.26,0.23,0.23,0.24,0.26
chuveiro,on,0.24,3392.68,3392.68,3939.81,2079.07,2079.07,1904.68,1905.83,1905.83,1914.29
microondas,on,158.55,1546.76,1546.76,1571.77,1571.77,1569.09,1573.22,1573.22,1570.66,1568.91
microondas,off,1561.04,153.6,153.6,42.8,3.84,3.84,3.8,3.7,3.7,3.56
microondas,on,26.79,1526.33,1526.33,1526.33,1526.33,1526.33,1526.33,1526.33,1526.33,1526.33
microondas,off,1530.94,42.19,42.19,42.73,42.73,3.8,3.8,3.7,3.72,3.72
ar_condicionado,on,3.09,677.98,548.64,548.64,588.04,565.65,565.65,577.18,577.18,597.46
ar_condicionado,off,710.04,15.49,15.42,15.42,15.37,15.41,15.41,15.31,15.32,15.32
ar_condicionado,on,241.28,573.54,573.54,665.1,673.86,673.86,718.57,707.73,707.73,701.5
ar_condicionado,off,512.34,15.59,15.39,15.39,15.43,15.39,15.39,15.35,15.29,15.29
ar_condicionado,on,15.39,568.22,701.43,701.43,720.2,739.08,739.08,752.15,712.06,712.06
ar_condicionado,off,728.39,299.76,299.76,15.46,15.42,15.42,15.41,15.32,15.32,15.31
ar_condicionado,on,1.44,1394.56,1394.56,1394.56,1394.56,1394.56,1394.56,1394.56,1394.56,1394.56
ar_condicionado,off,1538.82,25.78,25.78,25.78,25.78,25.78,25.78,25.78,25.78,25.78
ar_condicionado,on,27.53,1607.96,1408.09,1408.09,1545.03,1545.03,1610.93,1604.13,1604.13,1643.51
ar_condicionado,off,1533.61,26.33,26.33,26.23,26.19,26.19,26.34,26.34,27.61,28.06
ar_condicionado,on,27.28,1114.15,1114.15,1365.34,1365.34,1365.34,1573.39,1573.39,1589.28,1589.28
ar_condicionado,off,1542.53,28.44,28.44,28.36,28.36,27.85,27.37,27.37,27.97,27.77
ar_condicionado,on,25.44,1149.88,1341.06,1341.06,1482.34,1539.69,1539.69,1565.65,1575.0,1575.0
ar_condicionado,off,1529.74,28.19,28.19,27.69,27.69,27.69,27.69,27.69,27.27,27.27
ar_condicionado,on,449.22,1680.54,1680.54,1680.54,1680.54,1680.54,1680.54,1680.54,1680.54,1680.54
ar_condicionado,off,1530.31,27.92,28.42,28.42,28.22,28.22,28.22,27.64,27.81,27.81
ar_condicionado,on,25.51,840.16,1336.68,1336.68,1580.05,1580.05,1595.63,1583.92,1583.92,1589.5
ar_condicionado,off,1509.21,28.05,28.05,28.05,28.23,28.23,28.37,27.9,27.9,27.72
ar_condicionado,on,27.35,946.52,946.52,1342.42,1415.89,1415.89,1825.02,1825.02,1825.02,1825.02
ar_condicionado,off,1514.44,655.16,655.16,655.16,655.16,655.16,655.16,655.16,655.16,655.16
ar_condicionado,off,655.16,27.65,27.65,28.24,28.28,28.28,27.87,27.87,28.04,27.61
ar_condicionado,on,26.29,1292.69,1292.69,1460.43,1460.43,1551.72,1551.72,1551.72,1622.53,1622.53
ar_condicionado,off,1522.18,783.31,783.31,26.83,26.57,26.57,26.5,26.5,26.61,26.34
ar_condicionado,on,27.51,1277.54,1277.54,1532.62,1627.02,1627.02,1573.96,1573.96,1579.19,1577.91
ar_condicionado,off,1511.97,810.07,26.33,26.33,26.07,26.07,25.99,26.37,26.37,26.19
ar_condicionado,on,43.47,1343.38,1343.38,1343.38,1343.38,1343.38,1343.38,1343.38,1343.38,1361.83
ar_condicionado,off,1414.12,31.39,31.39,31.12,31.12,31.12,31.12,31.36,31.36,31.36
ar_condicionado,on,32.46,1401.12,1356.76,1356.76,1426.44,1559.04,1559.04,1544.95,1544.95,1548.65
ar_condicionado,off,1464.35,33.18,33.18,33.24,33.14,33.14,33.14,33.15,33.15,33.05
ar_condicionado,on,32.42,1315.36,1395.57,1395.57,1434.54,1549.1,1549.1,1541.98,1541.98,1556.69
ar_condicionado,off,1452.12,408.26,408.26,32.92,32.92,32.79,32.91,32.91,32.82,32.79
ar_condicionado,on,32.63,1282.8,1282.8,1387.48,1545.64,1545.64,1544.02,1544.02,1555.23,1536.18
ar_condicionado,off,1412.19,32.98,32.98,32.96,32.79,32.79,32.8,32.8,32.8,32.91
ar_condicionado,on,32.57,1189.09,1189.09,1350.61,1519.44,1519.44,1529.86,1516.9,1516.9,1518.7
ar_condicionado,off,1482.64,33.29,33.29,33.29,33.29,33.29,33.29,33.29,33.29,33.29
ar_condicionado,on,161.31,1336.78,1336.78,1397.04,1397.04,1569.76,1550.06,1550.06,1546.24,1542.05
ar_condicionado,off,1412.59,233.95,233.95,33.32,33.24,33.24,33.18,33.18,33.2,32.96
ar_condicionado,on,32.57,1234.33,1234.33,1353.06,1421.14,1421.14,1526.33,1516.73,1516.73,1514.54
ar_condicionado,off,1489.23,33.19,32.98,32.98,32.91,32.91,32.91,32.79,32.79,32.82
ar_condicionado,on,32.85,914.17,914.17,1146.96,1436.92,1436.92,1534.7,1571.28,1571.28,1573.49
ar_condicionado,off,1480.37,296.0,1.3,1.3,1.26,1.26,1.64,3.17,3.17,3.04
ar_condicionado,on,1.13,1158.51,1255.06,1255.06,1335.81,1370.76,1370.76,1414.92,1414.92,1419.54
ar_condicionado,off,1112.28,30.48,30.48,31.07,30.93,30.93,29.36,29.36,28.36,28.54
ar_condicionado,on,30.49,1390.22,1390.22,1390.22,1390.22,1390.22,1439.93,1508.58,1508.58,1520.79
ar_condicionado,off,982.64,31.3,31.65,31.65,31.18,31.18,30.49,28.9,28.9,28.77
ar_condicionado,on,1.44,1394.56,1394.56,1394.56,1394.56,1394.56,1394.56,1394.56,1394.56,1394.56
ar_condicionado,off,1538.82,25.78,25.78,25.78,25.78,25.78,25.78,25.78,25.78,25.78
ar_condicionado,on,27.53,1607.96,1408.09,1408.09,1545.03,1545.03,1610.93,1604.13,1604.13,1643.51
ar_condicionado,off,1533.61,26.33,26.33,26.23,26.19,26.19,26.34,26.34,27.61,28.06
ar_condicionado,on,27.28,1114.15,1114.15,1365.34,1365.34,1365.34,1573.39,1573.39,1589.28,1589.28
ar_condicionado,off,1542.53,28.44,28.44,28.36,28.36,27.85,27.37,27.37,27.97,27.77
ar_condicionado,on,25.44,1149.88,1341.06,1341.06,1482.34,1539.69,1539.69,1565.65,1575.0,1575.0
ar_condicionado,off,1529.74,28.19,28.19,27.69,27.69,27.69,27.69,27.69,27.27,27.27
ar_condicionado,on,449.22,1680.54,1680.54,1680.54,1680.54,1680.54,1680.54,1680.54,1680.54,1680.54
ar_condicionado,off,1530.31,27.92,28.42,28.42,28.22,28.22,28.22,27.64,27.81,27.81
ar_condicionado,on,25.51,840.16,1336.68,1336.68,1580.05,1580.05,1595.63,1583.92,1583.92,1589.5
ar_condicionado,off,1509.21,28.05,28.05,28.05,28.23,28.23,28.37,27.9,27.9,27.72
ar_condicionado,on,27.35,946.52,946.52,1342.42,1415.89,1415.89,1825.02,1825.02,1825.02,1825.02
ar_condicionado,off,1514.44,655.16,655.16,655.16,655.16,655.16,655.16,655.16,655.16,655.16
ar_condicionado,off,655.16,27.65,27.65,28.24,28.28,28.28,27.87,27.87,28.04,27.61
ar_condicionado,on,26.29,1292.69,1292.69,1460.43,1460.43,1551.72,1551.72,1551.72,1622.53,1622.53
ar_condicionado,off,1522.18,783.31,783.31,26.83,26.57,26.57,26.5,26.5,26.61,26.34
ar_condicionado,on,27.51,1277.54,1277.54,1532.62,1627.02,1627.02,1573.96,1573.96,1579.19,1577.91
ar_condicionado,off,1511.97,810.07,26.33,26.33,26.07,26.07,25.99,26.37,26.37,26.19
ar_condicionado,on,43.47,1343.38,1343.38,1343.38,1343.38,1343.38,1343.38,1343.38,1343.38,1361.83
ar_condicionado,off,1414.12,31.39,31.39,31.12,31.12,31.12,31.12,31.36,31.36,31.36
ar_condicionado,on,32.46,1401.12,1356.76,1356.76,1426.44,1559.04,1559.04,1544.95,1544.95,1548.65
ar_condicionado,off,1464.35,33.18,33.18,33.24,33.14,33.14,33.14,33.15,33.15,33.05
ar_condicionado,on,32.42,1315.36,1395.57,1395.57,1434.54,1549.1,1549.1,1541.98,1541.98,1556.69
ar_condicionado,off,1452.12,408.26,408.26,32.92,32.92,32.79,32.91,32.91,32.82,32.79
ar_condicionado,on,32.63,1282.8,1282.8,1387.48,1545.64,1545.64,1544.02,1544.02,1555.23,1536.18
ar_condicionado,off,1412.19,32.98,32.98,32.96,32.79,32.79,32.8,32.8,32.8,32.91
ar_condicionado,on,32.57,1189.09,1189.09,1350.61,1519.44,1519.44,1529.86,1516.9,1516.9,1518.7
ar_condicionado,off,1482.64,33.29,33.29,33.29,33.29,33.29,33.29,33.29,33.29,33.29
ar_condicionado,on,161.31,1336.78,1336.78,1397.04,1397.04,1569.76,1550.06,1550.06,1546.24,1542.05
ar_condicionado,off,1412.59,233.95,233.95,33.32,33.24,33.24,33.18,33.18,33.2,32.96
ar_condicionado,on,32.57,1234.33,1234.33,1353.06,1421.14,1421.14,1526.33,1516.73,1516.73,1514.54
ar_condicionado,off,1489.23,33.19,32.98,32.98,32.91,32.91,32.91,32.79,32.79,32.82
ar_condicionado,on,32.85,914.17,914.17,1146.96,1436.92,1436.92,1534.7,1571.28,1571.28,1573.49
ar_condicionado,off,1480.37,296.0,1.3,1.3,1.26,1.26,1.64,3.17,3.17,3.04
ar_condicionado,on,1.13,1158.51,1255.06,1255.06,1335.81,1370.76,1370.76,1414.92,1414.92,1419.54
ar_condicionado,off,1112.28,30.48,30.48,31.07,30.93,30.93,29.36,29.36,28.36,28.54
ar_condicionado,on,30.49,1390.22,1390.22,1390.22,1390.22,1390.22,1439.93,1508.58,1508.58,1520.79
ar_condicionado,off,982.64,31.3,31.65,31.65,31.18,31.18,30.49,28.9,28.9,28.77
ar_condicionado,on,2.88,3160.0,3160.0,1700.0,1700.0,1700.0,1510.0,1510.0,1510.0,1430.0
ar_condicionado,off,1440.0,0.35,0.35,0.35,0.34,0.34,0.34,0.54,0.54,0.54
ar_condicionado,off,1030.0,1.34,1.34,1.34,1.38,1.38,1.38,1.4,1.4,1.4
ar_condicionado,on,1.47,918.39,918.39,918.39,996.51,996.51,996.51,1080.0,1080.0,1080.0
ar_condicionado,on,1.34,948.82,948.82,948.82,1200.0,1200.0,1200.0,1250.0,1250.0,1250.0
